{"stat.chestOpened":4,"stat.craftItem.minecraft.leather_leggings":1,"stat.useItem.minecraft.lapis_block":18,"stat.useItem.minecraft.sticky_piston":8,"stat.useItem.minecraft.quartz_block":124,"stat.pickup.minecraft.sign":3,"stat.useItem.minecraft.stone":29,"stat.useItem.minecraft.quartz_stairs":20,"stat.leaveGame":3,"stat.useItem.minecraft.beacon":1,"stat.useItem.minecraft.ender_chest":1,"stat.useItem.minecraft.heavy_weighted_pressure_plate":4,"stat.useItem.minecraft.stained_glass_pane":18,"stat.jump":109,"stat.useItem.minecraft.iron_trapdoor":8,"stat.climbOneCm":2618,"stat.pickup.minecraft.cooked_porkchop":23,"stat.crouchOneCm":2087,"stat.useItem.minecraft.coal_block":13,"stat.useItem.minecraft.redstone_torch":12,"stat.pickup.minecraft.dirt":72,"stat.useItem.minecraft.dirt":1,"stat.pickup.minecraft.melon":11,"achievement.exploreAllBiomes":{"value":0,"progress":["Roofed Forest","Extreme Hills+","River","Forest","Ocean","Plains","Taiga","Extreme Hills","TaigaHills"]},"stat.craftingTableInteraction":1,"stat.pickup.minecraft.daylight_detector":1,"stat.pickup.minecraft.cookie":6,"stat.pickup.minecraft.pumpkin_pie":2,"stat.useItem.minecraft.furnace":4,"stat.pickup.minecraft.cobblestone":6,"stat.pickup.minecraft.iron_trapdoor":1,"stat.useItem.minecraft.slime":4,"stat.useItem.minecraft.anvil":1,"stat.flyOneCm":799790,"stat.useItem.minecraft.magma":121,"stat.pickup.minecraft.potato":5,"stat.useItem.minecraft.enchanting_table":1,"stat.sleepInBed":1,"stat.timeSinceDeath":59920,"stat.hopperInspected":1,"stat.useItem.minecraft.crafting_table":1,"stat.useItem.minecraft.sign":5,"stat.useItem.minecraft.iron_door":2,"stat.walkOneCm":46946,"stat.useItem.minecraft.torch":8,"stat.useItem.minecraft.chest":2,"stat.useItem.minecraft.lever":6,"stat.craftItem.minecraft.leather_boots":2,"stat.useItem.minecraft.lava_bucket":12,"stat.useItem.minecraft.armor_stand":11,"stat.pickup.minecraft.log":10,"stat.craftItem.minecraft.leather_helmet":1,"stat.useItem.minecraft.redstone":4,"stat.useItem.minecraft.sea_lantern":2,"stat.pickup.minecraft.hopper":1,"achievement.mineWood":9,"stat.useItem.minecraft.stained_hardened_clay":8,"stat.pickup.minecraft.sapling":10,"stat.useItem.minecraft.trapdoor":5,"stat.useItem.minecraft.stained_glass":20,"stat.sprintOneCm":1832,"stat.pickup.minecraft.apple":6,"stat.useItem.minecraft.stone_stairs":1,"stat.useItem.minecraft.netherrack":54,"stat.useItem.minecraft.bed":1,"achievement.openInventory":112,"stat.useItem.minecraft.flint_and_steel":51,"stat.useItem.minecraft.iron_block":9,"stat.useItem.minecraft.hopper":4,"stat.useItem.minecraft.daylight_detector":7,"stat.useItem.minecraft.bucket":1,"stat.pickup.minecraft.lever":1,"stat.deaths":2,"stat.pickup.minecraft.iron_door":2,"stat.playOneMinute":68305,"stat.craftItem.minecraft.leather_chestplate":1,"stat.useItem.minecraft.ladder":4,"stat.sneakTime":4331,"stat.pickup.minecraft.iron_block":1,"stat.pickup.minecraft.rabbit_stew":1}